{
  "accuracy": 0.753125,
  "balanced_accuracy": 0.7574836767077676,
  "f1_macro": 0.7473280756654755,
  "f1_weighted": 0.7517608056373742,
  "label_mode": "3class",
  "missing_values_total": 0,
  "duplicate_rows": 240,
  "n_train": 1279,
  "n_test": 320,
  "train_class_counts": {
    "0": 595,
    "1": 510,
    "2": 174
  },
  "test_class_counts": {
    "0": 149,
    "1": 128,
    "2": 43
  }
}