{
    "classification_report": {
        "low(<=5)": {
            "precision": 0.7857142857142857,
            "recall": 0.738255033557047,
            "f1-score": 0.7612456747404844,
            "support": 149.0
        },
        "mid(=6)": {
            "precision": 0.6302521008403361,
            "recall": 0.5859375,
            "f1-score": 0.6072874493927125,
            "support": 128.0
        },
        "high(>=7)": {
            "precision": 0.5245901639344263,
            "recall": 0.7441860465116279,
            "f1-score": 0.6153846153846154,
            "support": 43.0
        },
        "accuracy": 0.678125,
        "macro avg": {
            "precision": 0.6468521834963493,
            "recall": 0.6894595266895583,
            "f1-score": 0.6613059131726041,
            "support": 320.0
        },
        "weighted avg": {
            "precision": 0.6884408579005372,
            "recall": 0.678125,
            "f1-score": 0.6800623047504308,
            "support": 320.0
        }
    },
    "balanced_accuracy": 0.6894595266895583,
    "cohen_kappa": 0.4824526968673942,
    "mcc": 0.4844317444882803
}